Surface Parcel,Land Cover,Source,Area,R,K,LS,C,P,A_ton,A_kg
E1,grass,,9510336.745,85,0.117184874,0.648290716,0.1,1,0.64574386,0.000396593
E2,deciduous forest,,6180161.157,85,0.096024689,0.761602984,0.1,1,0.621627865,0.000381781
E3,deciduous forest,,5266085.66,85,0.102586379,0.752772675,0.1,1,0.656405896,0.000403141
N1,deciduous forest,,8331779.672,85,0.053174267,0.213590853,0.1,1,0.096539064,5.92908E-05
N2,grass,,27646137.5,85,0.067660026,0.419906184,0.1,1,0.241492338,0.000148316
NE1,grass,,14733478.93,85,0.053807943,0.416769922,0.1,1,0.190617024,0.00011707
NE2,grass,,3632465.279,85,0.132016241,0.953697082,0.1,1,1.070179785,0.000657266
NE3,deciduous forest,,8461424.024,85,0.105969822,0.552980209,0.1,1,0.498093321,0.000305911
NW1,deciduous forest,,21284418.04,85,0.054363064,0.212233833,0.1,1,0.098070292,6.02312E-05
NW2,deciduous forest,,20620168.45,85,0.040963805,0.523257262,0.1,1,0.182194172,0.000111897
S1,grass,,483133.142,85,0.058789572,0.246449671,0.1,1,0.1231537,7.56365E-05
S2,grass,,6779524.078,85,0.164985828,0.596270027,0.1,1,0.836196884,0.000513562
SE1,grass,,21263896.65,85,0.174079318,1.73357399,0.1,1,2.565124718,0.001575407
SE2,grass,,11239629.61,85,0.170524946,2.008061919,0.1,1,2.910609523,0.001787591
SW1,deciduous forest,,10634288.09,85,0.142853474,0.281822147,0.1,1,0.342203817,0.000210169
SW2,deciduous forest,,30825008.33,85,0.127581625,1.185393452,0.1,1,1.285492589,0.000789503
W1,deciduous forest,,16662585.71,85,0.10637775,0.253103174,0.1,1,0.228858642,0.000140557
