Sending/Receiving,Land area,Upstream runoff area,Upstream erosion area,Adjusted erosion rate (kg/m2/day),Sink,E1,E2,E3,LakeCadillac,LakeMitchell,N1,N2,NE1,NE2,NE3,NW1,NW2,S1,S2,SE1,SE2,SW1,SW2,W1
E1,9510336.745,0,11357075.87,7.45072E-05,0,0,0.025283866,,0.547570132,,,,0.008455978,,,,,,0.026797114,,0.39189291,,,
E2,6180161.157,0,541744.8634,7.56951E-05,0,0.015126838,0,0.072525595,,,,,0.911482232,,0.000865336,,,,,,,,,
E3,5266085.66,0,670387.7585,8.15453E-05,0.890907133,,0.047305237,0,,,,,,,,,,,,,0.061787631,,,
LakeCadillac,0,51101198.77,10688231.95,0,0,,,,1,,,,,,,,,,,,,,,
LakeMitchell,0,78314013.97,18665550.02,0,0,,,,,1,,,,,,,,,,,,,,
N1,8331779.672,0,22245575.16,1.13246E-05,0,,,,0.07656198,0.035562432,0,0.436461374,0.002810223,,,0.036220056,,0.412383934,,,,,,
N2,27646137.5,0,10918227.78,2.09009E-05,0.015089186,,,,,,0.801156078,0,0.063614823,0.007400024,,0.091113389,0.021626501,,,,,,,
NE1,14733478.93,0,7577556.856,2.08226E-05,0,0.000149708,0.002794445,,0.007180464,,0.003856536,0.231465524,0,,0.754553324,,,,,,,,,
NE2,3632465.279,0,205246.6334,0.000139266,0.064533917,,,,,,,0.928255425,,0,0.007210658,,,,,,,,,
NE3,8461424.024,0,11148735.88,5.83166E-05,0.988940599,,0.001300191,,,,,,0.009680673,7.85376E-05,0,,,,,,,,,
NW1,21284418.04,0,36208822.47,1.02316E-05,1.11022E-16,,,,,0.637140613,0.001871019,0.013275846,,,,0,0.055310871,,,,,,,0.29240165
NW2,20620168.45,0,1775148.924,1.90836E-05,0.059239272,,,,,,,0.010524215,,,,0.930236513,0,,,,,,,
S1,483133.142,0,5455677.618,2.79883E-05,1.11022E-16,,,,0.77582743,0.223737139,0.000124921,,,,,,,0,,,,0.000310511,,
S2,6779524.078,0,528374.8941,0.000100652,0,0.132636746,,,0.643428189,,,,,,,,,,0,0.04527466,,0.178660406,,
SE1,21263896.65,0,1882864.783,0.000267649,0.106420784,,,,,,,,,,,,,,0.012507119,0,0.015789073,,0.865283024,
SE2,11239629.61,0,4388149.707,0.000328891,0.005274812,0.921931613,,0.019766478,,,,,,,,,,,,0.053027097,0,,,
SW1,10634288.09,0,2408720.194,3.89366E-05,0,,,,,0.441965615,,,,,,,,0.189931429,0.000712339,,,0,0.108392209,0.258998407
SW2,30825008.33,0,20296404.48,0.000109754,0.943507999,,,,,,,,,,,,,,,0.031789747,,0.000974198,0,0.023728056
W1,16662585.71,0,9709280.164,2.46185E-05,0.032669476,,,,,,,,,,,0.852597449,,,,,,0.070055633,0.044677442,0
