PointName,X,Y
p1,623054.4926,4899652.05
p2,623275.2921,4899093.983
p3,621353.3542,4898422.375
p4,620634.2517,4899475.503
p5,618972.5538,4899199.067
p6,620070.4305,4902171.373
p7,621086.3795,4902845.962
p8,621919.05,4902308.004
p9,623959.5688,4898819.77
p10,623757.394,4899718.265
p11,624813.7291,4900435.452
p12,627252.0666,4900953.912
p13,627737.4594,4900327.744
p14,626011.6636,4899125.489
p15,618451.389,4896203.634
p16,613498.2706,4897592.401
p17,614490.4637,4901128.715
p18,621820.3733,4903458.566
p19,617627.2137,4904020.916
p20,621001.398,4905417.038
p21,622682.4993,4897093.5
p22,624747.4001,4902712.919
p23,628132.8952,4897294.194
p24,612643.3439,4903695.63
p25,619740.0835,4907787.754
p26,627202.8122,4905431.498
p27,625395.8743,4908498.002
p28,632806.81,4902660.498
p29,630499.0431,4900084.847
p30,629142.1496,4901500.481
p31,629427.848,4903118.611
p32,629043.3776,4906328.501
p33,633058.0741,4898377.136
p34,623736.4654,4892982.895
p35,631071.1918,4895646.499
p36,614955.8273,4893546.242
