##Date,Hour,TimeZone,AllowExchange
11/07/1986,00:00:00,EST,0.0
03/09/1987,00:00:00,EST,1.0
11/07/1987,00:00:00,EST,0.0
03/09/1988,00:00:00,EST,1.0
11/07/1988,00:00:00,EST,0.0
03/09/1989,00:00:00,EST,1.0
11/07/1989,00:00:00,EST,0.0
03/09/1990,00:00:00,EST,1.0
11/07/1990,00:00:00,EST,0.0
03/09/1991,00:00:00,EST,1.0
11/07/1991,00:00:00,EST,0.0
03/09/1992,00:00:00,EST,1.0
11/07/1992,00:00:00,EST,0.0
03/09/1993,00:00:00,EST,1.0
11/07/1993,00:00:00,EST,0.0
03/09/1994,00:00:00,EST,1.0
11/07/1994,00:00:00,EST,0.0
03/09/1995,00:00:00,EST,1.0
11/07/1995,00:00:00,EST,0.0
03/09/1996,00:00:00,EST,1.0
11/07/1996,00:00:00,EST,0.0
03/09/1997,00:00:00,EST,1.0
11/07/1997,00:00:00,EST,0.0
03/09/1998,00:00:00,EST,1.0
11/07/1998,00:00:00,EST,0.0
03/09/1999,00:00:00,EST,1.0
11/07/1999,00:00:00,EST,0.0
03/09/2000,00:00:00,EST,1.0
11/07/2000,00:00:00,EST,0.0
03/09/2001,00:00:00,EST,1.0
11/07/2001,00:00:00,EST,0.0
03/09/2002,00:00:00,EST,1.0
11/07/2002,00:00:00,EST,0.0
03/09/2003,00:00:00,EST,1.0
11/07/2003,00:00:00,EST,0.0
03/09/2004,00:00:00,EST,1.0
11/07/2004,00:00:00,EST,0.0
03/09/2005,00:00:00,EST,1.0
11/07/2005,00:00:00,EST,0.0
03/09/2006,00:00:00,EST,1.0
11/07/2006,00:00:00,EST,0.0
03/09/2007,00:00:00,EST,1.0
11/07/2007,00:00:00,EST,0.0
03/09/2008,00:00:00,EST,1.0
11/07/2008,00:00:00,EST,0.0
03/09/2009,00:00:00,EST,1.0
11/07/2009,00:00:00,EST,0.0
03/09/2010,00:00:00,EST,1.0
11/07/2010,00:00:00,EST,0.0
03/09/2011,00:00:00,EST,1.0
11/07/2011,00:00:00,EST,0.0
03/09/2012,00:00:00,EST,1.0
11/07/2012,00:00:00,EST,0.0
03/09/2013,00:00:00,EST,1.0
11/07/2013,00:00:00,EST,0.0
03/09/2014,00:00:00,EST,1.0
11/07/2014,00:00:00,EST,0.0
03/09/2015,00:00:00,EST,1.0
11/07/2015,00:00:00,EST,0.0
03/09/2016,00:00:00,EST,1.0
11/07/2016,00:00:00,EST,0.0
03/09/2017,00:00:00,EST,1.0
11/07/2017,00:00:00,EST,0.0
03/09/2018,00:00:00,EST,1.0
11/07/2018,00:00:00,EST,0.0
03/09/2019,00:00:00,EST,1.0
11/07/2019,00:00:00,EST,0.0
03/09/2020,00:00:00,EST,1.0
11/07/2020,00:00:00,EST,0.0
03/09/2021,00:00:00,EST,1.0
11/07/2021,00:00:00,EST,0.0
03/09/2022,00:00:00,EST,1.0
11/07/2022,00:00:00,EST,0.0
03/09/2023,00:00:00,EST,1.0
11/07/2023,00:00:00,EST,0.0
03/09/2024,00:00:00,EST,1.0
11/07/2024,00:00:00,EST,0.0
03/09/2025,00:00:00,EST,1.0
11/07/2025,00:00:00,EST,0.0
03/09/2026,00:00:00,EST,1.0
11/07/2026,00:00:00,EST,0.0
03/09/2027,00:00:00,EST,1.0
11/07/2027,00:00:00,EST,0.0
03/09/2028,00:00:00,EST,1.0
11/07/2028,00:00:00,EST,0.0
03/09/2029,00:00:00,EST,1.0
11/07/2029,00:00:00,EST,0.0
03/09/2030,00:00:00,EST,1.0
11/07/2030,00:00:00,EST,0.0
03/09/2031,00:00:00,EST,1.0
11/07/2031,00:00:00,EST,0.0
03/09/2032,00:00:00,EST,1.0
11/07/2032,00:00:00,EST,0.0
03/09/2033,00:00:00,EST,1.0
11/07/2033,00:00:00,EST,0.0
03/09/2034,00:00:00,EST,1.0
11/07/2034,00:00:00,EST,0.0
03/09/2035,00:00:00,EST,1.0
11/07/2035,00:00:00,EST,0.0
03/09/2036,00:00:00,EST,1.0
11/07/2036,00:00:00,EST,0.0
03/09/2037,00:00:00,EST,1.0
11/07/2037,00:00:00,EST,0.0
03/09/2038,00:00:00,EST,1.0
11/07/2038,00:00:00,EST,0.0
03/09/2039,00:00:00,EST,1.0
11/07/2039,00:00:00,EST,0.0
03/09/2040,00:00:00,EST,1.0
11/07/2040,00:00:00,EST,0.0
03/09/2041,00:00:00,EST,1.0
11/07/2041,00:00:00,EST,0.0
03/09/2042,00:00:00,EST,1.0
11/07/2042,00:00:00,EST,0.0
03/09/2043,00:00:00,EST,1.0
11/07/2043,00:00:00,EST,0.0
03/09/2044,00:00:00,EST,1.0
11/07/2044,00:00:00,EST,0.0
03/09/2045,00:00:00,EST,1.0
11/07/2045,00:00:00,EST,0.0
03/09/2046,00:00:00,EST,1.0
11/07/2046,00:00:00,EST,0.0
03/09/2047,00:00:00,EST,1.0
11/07/2047,00:00:00,EST,0.0
03/09/2048,00:00:00,EST,1.0
11/07/2048,00:00:00,EST,0.0
03/09/2049,00:00:00,EST,1.0
11/07/2049,00:00:00,EST,0.0
03/09/2050,00:00:00,EST,1.0
11/07/2050,00:00:00,EST,0.0
03/09/2051,00:00:00,EST,1.0
11/07/2051,00:00:00,EST,0.0










