,Deposition_Rate_g_day-1
Chem_Elemental_Mercury_Degradation_Reaction_Sink_in_Air_LakeCadillac,0.0
Chem_Elemental_Mercury_Degradation_Reaction_Sink_in_SW_LakeCadillac,0.0
Chem_Elemental_Mercury_Flush_Rate_Sink_in_SW_LakeCadillac,0.0
Chem_Elemental_Mercury_Degradation_Reaction_Sink_in_Sed_LakeCadillac,0.0
Chem_Elemental_Mercury_Air_in_Air_LakeCadillac,0.0
Chem_Elemental_Mercury_Surface_water_in_SW_LakeCadillac,0.0
Chem_Elemental_Mercury_Sediment_in_Sed_LakeCadillac,0.0
Chem_Elemental_Mercury_DryParticleSource_in_DryParticleSource_LakeCadillac,0.0
Chem_Elemental_Mercury_DryVaporSource_in_DryVaporSource_LakeCadillac,9.621336330216923e-05
Chem_Elemental_Mercury_WetParticleSource_in_WetParticleSource_LakeCadillac,0.0
Chem_Elemental_Mercury_WetVaporSource_in_WetVaporSource_LakeCadillac,3.1384667310039794e-07
Chem_Divalent_Mercury_Degradation_Reaction_Sink_in_Air_LakeCadillac,0.0
Chem_Divalent_Mercury_Degradation_Reaction_Sink_in_SW_LakeCadillac,0.0
Chem_Divalent_Mercury_Flush_Rate_Sink_in_SW_LakeCadillac,0.0
Chem_Divalent_Mercury_Degradation_Reaction_Sink_in_Sed_LakeCadillac,0.0
Chem_Divalent_Mercury_Air_in_Air_LakeCadillac,0.0
Chem_Divalent_Mercury_Surface_water_in_SW_LakeCadillac,0.0
Chem_Divalent_Mercury_Sediment_in_Sed_LakeCadillac,0.0
Chem_Divalent_Mercury_DryParticleSource_in_DryParticleSource_LakeCadillac,0.0030112805726661804
Chem_Divalent_Mercury_DryVaporSource_in_DryVaporSource_LakeCadillac,0.011117256430873938
Chem_Divalent_Mercury_WetParticleSource_in_WetParticleSource_LakeCadillac,2.0129021794964102e-06
Chem_Divalent_Mercury_WetVaporSource_in_WetVaporSource_LakeCadillac,0.0004352666195964574
Chem_MethylMercury_Degradation_Reaction_Sink_in_Air_LakeCadillac,0.0
Chem_MethylMercury_Degradation_Reaction_Sink_in_SW_LakeCadillac,0.0
Chem_MethylMercury_Flush_Rate_Sink_in_SW_LakeCadillac,0.0
Chem_MethylMercury_Degradation_Reaction_Sink_in_Sed_LakeCadillac,0.0
Chem_MethylMercury_Air_in_Air_LakeCadillac,0.0
Chem_MethylMercury_Surface_water_in_SW_LakeCadillac,0.0
Chem_MethylMercury_Sediment_in_Sed_LakeCadillac,0.0
Chem_MethylMercury_DryParticleSource_in_DryParticleSource_LakeCadillac,0.0
Chem_MethylMercury_DryVaporSource_in_DryVaporSource_LakeCadillac,0.0
Chem_MethylMercury_WetParticleSource_in_WetParticleSource_LakeCadillac,0.0
Chem_MethylMercury_WetVaporSource_in_WetVaporSource_LakeCadillac,0.0
